{"cameraMode":{"drawMode":2,"name":"Shaded Wireframe","section":"Shading Mode"},"sceneLighting":true,"audioPlay":false,"sceneViewState":{"showFog":true,"showMaterialUpdate":true,"showSkybox":true,"showFlares":true,"showImageEffects":true,"showParticleSystems":true},"in2DMode":false,"pivot":{"x":-0.02751290798187256,"y":0.008277803659439087,"z":0.1742628812789917},"rotation":{"x":-0.11555082350969315,"y":-0.0008966574096120894,"z":0.00010433230636408553,"w":-0.9933011531829834},"size":1.458678960800171,"orthographic":true}