{"cameraMode":{"drawMode":2,"name":"Shaded Wireframe","section":"Shading Mode"},"sceneLighting":true,"audioPlay":false,"sceneViewState":{"showFog":true,"showMaterialUpdate":true,"showSkybox":true,"showFlares":true,"showImageEffects":true,"showParticleSystems":true},"in2DMode":false,"pivot":{"x":-0.5944471955299377,"y":0.778511106967926,"z":0.13495588302612306},"rotation":{"x":0.0003051870735362172,"y":0.9981875419616699,"z":-0.05996369197964668,"w":0.005091812461614609},"size":2.1868202686309816,"orthographic":false}