{"cameraMode":{"drawMode":2,"name":"Shaded Wireframe","section":"Shading Mode"},"sceneLighting":true,"audioPlay":false,"sceneViewState":{"showFog":true,"showMaterialUpdate":true,"showSkybox":true,"showFlares":true,"showImageEffects":true,"showParticleSystems":true},"in2DMode":false,"pivot":{"x":1.1000890731811524,"y":0.28047215938568118,"z":0.40372323989868166},"rotation":{"x":0.05758761987090111,"y":0.7357029914855957,"z":-0.06305703520774842,"w":0.6718992590904236},"size":5.13047981262207,"orthographic":false}