{"cameraMode":{"drawMode":2,"name":"Shaded Wireframe","section":"Shading Mode"},"sceneLighting":true,"audioPlay":false,"sceneViewState":{"showFog":true,"showMaterialUpdate":true,"showSkybox":true,"showFlares":true,"showImageEffects":true,"showParticleSystems":true},"in2DMode":false,"pivot":{"x":-0.03765231370925903,"y":0.557159423828125,"z":0.21574777364730836},"rotation":{"x":0.17829610407352448,"y":0.664897084236145,"z":-0.16800707578659059,"w":0.7056174874305725},"size":1.9146614074707032,"orthographic":false}