{"cameraMode":{"drawMode":2,"name":"Shaded Wireframe","section":"Shading Mode"},"sceneLighting":true,"audioPlay":false,"sceneViewState":{"showFog":true,"showMaterialUpdate":false,"showSkybox":true,"showFlares":true,"showImageEffects":true,"showParticleSystems":true},"in2DMode":false,"pivot":{"x":0.04874071478843689,"y":0.29420462250709536,"z":-0.08690320700407028},"rotation":{"x":-0.008290829136967659,"y":0.9490616917610169,"z":-0.31398290395736697,"w":-0.025059916079044343},"size":2.0885117053985597,"orthographic":false}