{"cameraMode":{"drawMode":2,"name":"Shaded Wireframe","section":"Shading Mode"},"sceneLighting":true,"audioPlay":false,"sceneViewState":{"showFog":true,"showMaterialUpdate":true,"showSkybox":true,"showFlares":true,"showImageEffects":true,"showParticleSystems":true},"in2DMode":false,"pivot":{"x":1.1000890731811524,"y":0.28047215938568118,"z":0.40372323989868166},"rotation":{"x":0.0067381844855844978,"y":0.9614521861076355,"z":-0.27386966347694399,"w":0.02365776151418686},"size":2.130479574203491,"orthographic":false}